{"cameraMode":{"drawMode":0,"name":"Shaded","section":"Shading Mode"},"sceneLighting":false,"audioPlay":false,"sceneViewState":{"showFog":true,"showMaterialUpdate":false,"showSkybox":false,"showFlares":true,"showImageEffects":true,"showParticleSystems":true},"in2DMode":false,"pivot":{"x":3.7206990718841554,"y":-2.273162841796875,"z":11.14963436126709},"rotation":{"x":0.14632955193519593,"y":0.04361090436577797,"z":-0.006458322051912546,"w":0.9882654547691345},"size":12.344305992126465,"orthographic":false}