{"cameraMode":{"drawMode":0,"name":"Shaded","section":"Shading Mode"},"sceneLighting":false,"audioPlay":false,"sceneViewState":{"showFog":true,"showMaterialUpdate":false,"showSkybox":false,"showFlares":true,"showImageEffects":true,"showParticleSystems":true},"in2DMode":false,"pivot":{"x":1.6038525104522706,"y":1.0494773387908936,"z":7.466391563415527},"rotation":{"x":0.0614597387611866,"y":0.007485817652195692,"z":-0.00046100604231469333,"w":0.9980832934379578},"size":3.5361404418945314,"orthographic":false}